Workbook

Sheet InPru vs KSB
A1: Industrial and Prudential | D1: KSB
A2: Date | B2: close price | D2: Date | E2: close price | G2: Outstanding Shares | H2: Market Value | J2: Shares Held in KSB | L2: Total Value of Shares Held | N2: Discount to Holding Value
A3: 45943 | B3: 6129.4 | D3: 45943 | E3: 799.25 | G3: 1680000 | H3: =+G3*B3 -> 10297392000 | J3: 37500000 | L3: =+(J3*E3) -> 29971875000 | N3: =1- (H3/L3) -> 0.6564315
A4: 45940 | B4: 6305 | D4: 45940 | E4: 803.6 | G4: 1680000 | H4: =+G4*B4 -> 10592400000 | J4: 37500000 | L4: =+(J4*E4) -> 30135000000 | N4: =1- (H4/L4) -> 0.64850174
A5: 45939 | B5: 6305.25 | D5: 45939 | E5: 804.9 | G5: 1680000 | H5: =+G5*B5 -> 10592820000 | J5: 37500000 | L5: =+(J5*E5) -> 30183750000 | N5: =1- (H5/L5) -> 0.64905553
A6: 45938 | B6: 6280.5 | D6: 45938 | E6: 806.75 | G6: 1680000 | H6: =+G6*B6 -> 10551240000 | J6: 37500000 | L6: =+(J6*E6) -> 30253125000 | N6: =1- (H6/L6) -> 0.65123471
A7: 45937 | B7: 6460 | D7: 45937 | E7: 800.4 | G7: 1680000 | H7: =+G7*B7 -> 10852800000 | J7: 37500000 | L7: =+(J7*E7) -> 30015000000 | N7: =1- (H7/L7) -> 0.63842079
A8: 45936 | B8: 6500 | D8: 45936 | E8: 801.2 | G8: 1680000 | H8: =+G8*B8 -> 10920000000 | J8: 37500000 | L8: =+(J8*E8) -> 30045000000 | N8: =1- (H8/L8) -> 0.63654518
A9: 45933 | B9: 6466.65 | D9: 45933 | E9: 814.05 | G9: 1680000 | H9: =+G9*B9 -> 10863972000 | J9: 37500000 | L9: =+(J9*E9) -> 30526875000 | N9: =1- (H9/L9) -> 0.64411778
A10: 45931 | B10: 6597.15 | D10: 45931 | E10: 812.65 | G10: 1680000 | H10: =+G10*B10 -> 11083212000 | J10: 37500000 | L10: =+(J10*E10) -> 30474375000 | N10: =1- (H10/L10) -> 0.63631044
A11: 45930 | B11: 6589.6 | D11: 45930 | E11: 821.45 | G11: 1680000 | H11: =+G11*B11 -> 11070528000 | J11: 37500000 | L11: =+(J11*E11) -> 30804375000 | N11: =1- (H11/L11) -> 0.64061832
A12: 45929 | B12: 6500 | D12: 45929 | E12: 809.3 | G12: 1680000 | H12: =+G12*B12 -> 10920000000 | J12: 37500000 | L12: =+(J12*E12) -> 30348750000 | N12: =1- (H12/L12) -> 0.64018287
A13: 45926 | B13: 6378.85 | D13: 45926 | E13: 819.4 | G13: 1680000 | H13: =+G13*B13 -> 10716468000 | J13: 37500000 | L13: =+(J13*E13) -> 30727500000 | N13: =1- (H13/L13) -> 0.65124179
A14: 45925 | B14: 6600.05 | D14: 45925 | E14: 846.45 | G14: 1680000 | H14: =+G14*B14 -> 11088084000 | J14: 37500000 | L14: =+(J14*E14) -> 31741875000 | N14: =1- (H14/L14) -> 0.65067961
... A27: 45908 | B27: 6476.05 | D27: 45908 | E27: 807.55 | G27: 1680000 | H27: =+G27*B27 -> 10879764000 | J27: 37500000 | L27: =+(J27*E27) -> 30283125000 | N27: =1- (H27/L27) -> 0.64073179
A28: 45905 | B28: 6411.85 | D28: 45905 | E28: 821.05 | G28: 1680000 | H28: =+G28*B28 -> 10771908000 | J28: 37500000 | L28: =+(J28*E28) -> 30789375000 | N28: =1- (H28/L28) -> 0.65014204 | Q28: KSB
A29: 45904 | B29: 6281.4 | D29: 45904 | E29: 815.5 | G29: 1680000 | H29: =+G29*B29 -> 10552752000 | J29: 37500000 | L29: =+(J29*E29) -> 30581250000 | N29: =1- (H29/L29) -> 0.65492738 | Q29: 5 Year Discount Trends
A30: 45903 | B30: 6397.55 | D30: 45903 | E30: 842.4 | G30: 1680000 | H30: =+G30*B30 -> 10747884000 | J30: 37500000 | L30: =+(J30*E30) -> 31590000000 | N30: =1- (H30/L30) -> 0.65976942 | U30: Date
A31: 45902 | B31: 6320.6 | D31: 45902 | E31: 830.85 | G31: 1680000 | H31: =+G31*B31 -> 10618608000 | J31: 37500000 | L31: =+(J31*E31) -> 31156875000 | N31: =1- (H31/L31) -> 0.65918893 | R31: Current Discount | T31: =+INDEX(N3:N1243,1) -> 0.6564315 | U31: =+INDEX($D$3:$D$1244,MATCH(T31,$N$3:$N$1244,0)) -> 45943
A32: 45901 | B32: 6696.05 | D32: 45901 | E32: 820 | G32: 1680000 | H32: =+G32*B32 -> 11249364000 | J32: 37500000 | L32: =+(J32*E32) -> 30750000000 | N32: =1- (H32/L32) -> 0.63416702 | R32: Maximum Discount | T32: =+MAX(N3:N1243) -> 0.82139517 | U32: =+INDEX($D$3:$D$1244,MATCH(T32,$N$3:$N$1244,0)) -> 45021
A33: 45898 | B33: 6981.75 | D33: 45898 | E33: 825.4 | G33: 1680000 | H33: =+G33*B33 -> 11729340000 | J33: 37500000 | L33: =+(J33*E33) -> 30952500000 | N33: =1- (H33/L33) -> 0.62105355 | R33: Minimum Discount | T33: =+MIN(N3:N1243) -> 0.55593871 | U33: =+INDEX($D$3:$D$1244,MATCH(T33,$N$3:$N$1244,0)) -> 45594
A34: 45897 | B34: 7038.7 | D34: 45897 | E34: 814.7 | G34: 1680000 | H34: =+G34*B34 -> 11825016000 | J34: 37500000 | L34: =+(J34*E34) -> 30551250000 | N34: =1- (H34/L34) -> 0.61294494 | R34: Median | T34: =+MEDIAN(N3:N1243) -> 0.71039487
A35: 45895 | B35: 7037.5 | D35: 45895 | E35: 840.75 | G35: 1680000 | H35: =+G35*B35 -> 11823000000 | J35: 37500000 | L35: =+(J35*E35) -> 31528125000 | N35: =1- (H35/L35) -> 0.62500149 | R35: Average | T35: =+AVERAGE(N3:N1243) -> 0.70793534
A36: 45894 | B36: 6876.9 | D36: 45894 | E36: 804.95 | G36: 1680000 | H36: =+G36*B36 -> 11553192000 | J36: 37500000 | L36: =+(J36*E36) -> 30185625000 | N36: =1- (H36/L36) -> 0.61726179
A37: 45891 | B37: 6966.9 | D37: 45891 | E37: 806.6 | G37: 1680000 | H37: =+G37*B37 -> 11704392000 | J37: 37500000 | L37: =+(J37*E37) -> 30247500000 | N37: =1- (H37/L37) -> 0.61304597
A38: 45890 | B38: 6940 | D38: 45890 | E38: 796.65 | G38: 1680000 | H38: =+G38*B38 -> 11659200000 | J38: 37500000 | L38: =+(J38*E38) -> 29874375000 | N38: =1- (H38/L38) -> 0.60972573
A39: 45889 | B39: 6958.25 | D39: 45889 | E39: 800.7 | G39: 1680000 | H39: =+G39*B39 -> 11689860000 | J39: 37500000 | L39: =+(J39*E39) -> 30026250000 | N39: =1- (H39/L39) -> 0.61067866
A40: 45888 | B40: 7078.7 | D40: 45888 | E40: 808.85 | G40: 1680000 | H40: =+G40*B40 -> 11892216000 | J40: 37500000 | L40: =+(J40*E40) -> 30331875000 | N40: =1- (H40/L40) -> 0.60793007
A41: 45887 | B41: 7178.3 | D41: 45887 | E41: 817 | G41: 1680000 | H41: =+G41*B41 -> 12059544000 | J41: 37500000 | L41: =+(J41*E41) -> 30637500000 | N41: =1- (H41/L41) -> 0.60637963
A42: 45883 | B42: 6845.05 | D42: 45883 | E42: 801.4 | G42: 1680000 | H42: =+G42*B42 -> 11499684000 | J42: 37500000 | L42: =+(J42*E42) -> 30052500000 | N42: =1- (H42/L42) -> 0.61734684
A43: 45882 | B43: 6834.4 | D43: 45882 | E43: 794.55 | G43: 1680000 | H43: =+G43*B43 -> 11481792000 | J43: 37500000 | L43: =+(J43*E43) -> 29795625000 | N43: =1- (H43/L43) -> 0.61464839
A44: 45881 | B44: 6843.35 | D44: 45881 | E44: 791.1 | G44: 1680000 | H44: =+G44*B44 -> 11496828000 | J44: 37500000 | L44: =+(J44*E44) -> 29666250000 | N44: =1- (H44/L44) -> 0.61246103
A45: 45880 | B45: 6871.7 | D45: 45880 | E45: 796.65 | G45: 1680000 | H45: =+G45*B45 -> 11544456000 | J45: 37500000 | L45: =+(J45*E45) -> 29874375000 | N45: =1- (H45/L45) -> 0.61356661
A46: 45877 | B46: 6931.2 | D46: 45877 | E46: 814.55 | G46: 1680000 | H46: =+G46*B46 -> 11644416000 | J46: 37500000 | L46: =+(J46*E46) -> 30545625000 | N46: =1- (H46/L46) -> 0.61878613
A47: 45876 | B47: 7040 | D47: 45876 | E47: 831.8 | G47: 1680000 | H47: =+G47*B47 -> 11827200000 | J47: 37500000 | L47: =+(J47*E47) -> 31192500000 | N47: =1- (H47/L47) -> 0.62083193
... A1244: 44117 | B1244: 387.35 | D1244: 44117 | E1244: 465 | G1244: 1680000 | H1244: =+G1244*B1244 -> 650748000 | J1244: 7240000 | L1244: =+(J1244*E1244) -> 3366600000 | N1244: =1- (H1244/L1244) -> 0.80670469

Sheet Entry Simulation
D2: Long | F2: Price | H2: Short | J2: Price | L2: Discount | N2: Number of KSB Shares Held in 1 InPru Share
B3: 45943 | D3: 50 | E3: In Pru @ | F3: 6129.4 | H3: =+(F3/J3)*D3 -> 323.62196 | I3: KSB Shares @ | J3: 947 | L3: =+ 1 - ((F3/J3)/N3) -> 0.71003472 | N3: =+'InPru vs KSB'!J3/'InPru vs KSB'!G3 -> 22.321429
B4: =+B3+7 -> 45950 | D4: 50 | E4: In Pru @ | F4: 6129.4 | H4: =+(F4/J4)*D4 -> 301.05108 | I4: KSB Shares @ | J4: 1018 | L4: =+ 1 - ((F4/J4)/N4) -> 0.73025823 | N4: =+'InPru vs KSB'!J4/'InPru vs KSB'!G4 -> 22.321429
B5: =+B4+7 -> 45957 | D5: 50 | E5: In Pru @ | F5: 6129.4 | H5: =+(F5/J5)*D5 -> 279.37101 | I5: KSB Shares @ | J5: 1097 | L5: =+ 1 - ((F5/J5)/N5) -> 0.74968357 | N5: =+'InPru vs KSB'!J5/'InPru vs KSB'!G5 -> 22.321429
B6: =+B5+7 -> 45964 | D6: 100 | E6: In Pru @ | F6: 6129.4 | H6: =+(F6/J6)*D6 -> 512.9205 | I6: KSB Shares @ | J6: 1195 | L6: =+ 1 - ((F6/J6)/N6) -> 0.77021162 | N6: =+'InPru vs KSB'!J6/'InPru vs KSB'!G6 -> 22.321429
B7: =+B6+7 -> 45971 | D7: 100 | E7: In Pru @ | F7: 6129.4 | H7: =+(F7/J7)*D7 -> 467.89313 | I7: KSB Shares @ | J7: 1310 | L7: =+ 1 - ((F7/J7)/N7) -> 0.79038388 | N7: =+'InPru vs KSB'!J7/'InPru vs KSB'!G7 -> 22.321429
B8: =+B7+7 -> 45978 | D8: 150 | E8: In Pru @ | F8: 6129.4 | H8: =+(F8/J8)*D8 -> 636.2699 | I8: KSB Shares @ | J8: 1445 | L8: =+ 1 - ((F8/J8)/N8) -> 0.80996739 | N8: =+'InPru vs KSB'!J8/'InPru vs KSB'!G8 -> 22.321429
B9: Net Position | D9: =+SUM(D3:D8) -> 500 | F9: =+SUMPRODUCT(D3:D8,F3:F8)/D9 -> 6129.4 | H9: =+SUM(H3:H8) -> 2521.1276 | J9: =+SUMPRODUCT(H3:H8,J3:J8)/H9 -> 1215.6069
B12: Gain/(Loss) in InPru | C12: =+(F8-F9)*D9 -> 0
B13: Gain/(Loss) in KSB | C13: =+(J9-J8)*H9 -> -578329.36
B14: Total Gain/(Loss) | C14: =+C12+C13 -> -578329.36
D19: InPru | E19: KSB | F19: Total Investment
B20: Total Investment | D20: =+D9*F9 -> 3064700 | E20: =+MAX(0.625*H9*J9,0.625*H9*J8) -> 2276893.3 | F20: =+D20+E20 -> 5341593.3
B22: Rate of Return | F22: =+C14/F20 -> -0.10826907

Sheet Exit Simulation
A2: ` | D2: Long | F2: Price | H2: Short | J2: Price | L2: Discount | N2: Number of KSB Shares Held in 1 InPru Share
B3: 45943 | D3: 50 | E3: In Pru @ | F3: =+'InPru vs KSB'!B3 -> 6129.4 | H3: =+(F3/J3)*D3 -> 323.62196 | I3: KSB Shares @ | J3: 947 | L3: =+ 1 - ((F3/J3)/N3) -> 0.71003472 | N3: =+'InPru vs KSB'!J3/'InPru vs KSB'!G3 -> 22.321429
B4: =+B3+7 -> 45950 | D4: 50 | E4: In Pru @ | F4: 6129.4 | H4: =+(F4/J4)*D4 -> 301.05108 | I4: KSB Shares @ | J4: 1018 | L4: =+ 1 - ((F4/J4)/N4) -> 0.73025823 | N4: =+'InPru vs KSB'!J4/'InPru vs KSB'!G4 -> 22.321429
B5: =+B4+7 -> 45957 | D5: 50 | E5: In Pru @ | F5: 6129.4 | H5: =+(F5/J5)*D5 -> 279.37101 | I5: KSB Shares @ | J5: 1097 | L5: =+ 1 - ((F5/J5)/N5) -> 0.74968357 | N5: =+'InPru vs KSB'!J5/'InPru vs KSB'!G5 -> 22.321429
B6: =+B5+7 -> 45964 | D6: 100 | E6: In Pru @ | F6: 6129.4 | H6: =+(F6/J6)*D6 -> 512.9205 | I6: KSB Shares @ | J6: 1195 | L6: =+ 1 - ((F6/J6)/N6) -> 0.77021162 | N6: =+'InPru vs KSB'!J6/'InPru vs KSB'!G6 -> 22.321429
B7: =+B6+7 -> 45971 | D7: 100 | E7: In Pru @ | F7: 6129.4 | H7: =+(F7/J7)*D7 -> 467.89313 | I7: KSB Shares @ | J7: 1310 | L7: =+ 1 - ((F7/J7)/N7) -> 0.79038388 | N7: =+'InPru vs KSB'!J7/'InPru vs KSB'!G7 -> 22.321429
B8: =+B7+7 -> 45978 | D8: 150 | E8: In Pru @ | F8: 6129.4 | H8: =+(F8/J8)*D8 -> 636.2699 | I8: KSB Shares @ | J8: 1445 | L8: =+ 1 - ((F8/J8)/N8) -> 0.80996739 | N8: =+'InPru vs KSB'!J8/'InPru vs KSB'!G8 -> 22.321429
B9: Net Position | D9: =+SUM(D3:D8) -> 500 | F9: =+SUMPRODUCT(D3:D8,F3:F8)/D9 -> 6129.4 | H9: =+SUM(H3:H8) -> 2521.1276 | J9: =+SUMPRODUCT(H3:H8,J3:J8)/H9 -> 1215.6069
D12: Long | F12: Price | H12: Short | J12: Price | L12: Discount | N12: Number of KSB Shares Held in 1 InPru Share
B13: 45984 | D13: -50 | E13: In Pru @ | F13: 6129.4 | H13: =+(D13/$D$9)*$H$9 -> -252.11276 | I13: KSB Shares @ | J13: 947 | L13: =+ 1 - ((F13/J13)/N13) -> 0.71003472 | N13: =+'InPru vs KSB'!J13/'InPru vs KSB'!G13 -> 22.321429
B14: =+B13+7 -> 45991 | D14: -50 | E14: In Pru @ | F14: 6129.4 | H14: =+(D14/$D$9)*$H$9 -> -252.11276 | I14: KSB Shares @ | J14: 885 | L14: =+ 1 - ((F14/J14)/N14) -> 0.68972077 | N14: =+'InPru vs KSB'!J14/'InPru vs KSB'!G14 -> 22.321429
B15: =+B14+7 -> 45998 | D15: -50 | E15: In Pru @ | F15: 6129.4 | H15: =+(D15/$D$9)*$H$9 -> -252.11276 | I15: KSB Shares @ | J15: 832 | L15: =+ 1 - ((F15/J15)/N15) -> 0.66995538 | N15: =+'InPru vs KSB'!J15/'InPru vs KSB'!G15 -> 22.321429
B16: =+B15+7 -> 46005 | D16: -100 | E16: In Pru @ | F16: 6129.4 | H16: =+(D16/$D$9)*$H$9 -> -504.22552 | I16: KSB Shares @ | J16: 785 | L16: =+ 1 - ((F16/J16)/N16) -> 0.65019475 | N16: =+'InPru vs KSB'!J16/'InPru vs KSB'!G16 -> 22.321429
B17: =+B16+7 -> 46012 | D17: -100 | E17: In Pru @ | F17: 6129.4 | H17: =+(D17/$D$9)*$H$9 -> -504.22552 | I17: KSB Shares @ | J17: 742 | L17: =+ 1 - ((F17/J17)/N17) -> 0.62992302 | N17: =+'InPru vs KSB'!J17/'InPru vs KSB'!G17 -> 22.321429
B18: =+B17+7 -> 46019 | D18: -150 | E18: In Pru @ | F18: 6129.4 | H18: =+(D18/$D$9)*$H$9 -> -756.33828 | I18: KSB Shares @ | J18: 704 | L18: =+ 1 - ((F18/J18)/N18) -> 0.60994727 | N18: =+'InPru vs KSB'!J18/'InPru vs KSB'!G18 -> 22.321429
B19: Net Position | D19: =+SUM(D13:D18) -> -500 | F19: =+SUMPRODUCT(D13:D18,F13:F18)/D19 -> 6129.4 | H19: =+SUM(H13:H18) -> -2521.1276 | J19: =+SUMPRODUCT(H13:H18,J13:J18)/H19 -> 783
B28: Gain/(Loss) in InPru | C28: =+(D9*F9)+(D19*F19) -> 0
B29: Gain/(Loss) in KSB | C29: =+(H9*J9)+(H19*J19) -> 1090657.1
B30: Total Gain/(Loss) | C30: =+C28+C29 -> 1090657.1
D35: InPru | E35: KSB | F35: Total Investment
B36: Total Investment | D36: =+D9*F9 -> 3064700 | E36: =+MAX(0.625*H9*J9,0.625*H9*J8) -> 2276893.3 | F36: =+D36+E36 -> 5341593.3
B38: Rate of Return | F38: =+C30/F36 -> 0.20418198
